sku,product,brand,category,unit_price_inr,stock_on_hand,reorder_level,lead_time_days,units_sold_last_30d,supplier
TV-SAM-55Q,"Samsung 55"" Crystal 4K UHD TV",Samsung,Televisions,47990,6,5,7,18,Samsung India Distributor
TV-LG-43UR,"LG 43"" 4K Smart TV",LG,Televisions,29990,3,5,7,22,LG Electronics Supply
TV-SNY-65X,"Sony Bravia 65"" 4K Google TV",Sony,Televisions,109990,2,2,10,3,Sony Regional Depot
TV-MI-32A,"Xiaomi 32"" HD Smart TV",Xiaomi,Televisions,13999,24,8,5,9,Xiaomi Partner Logistics
TV-TCL-50P,"TCL 50"" 4K QLED TV",TCL,Televisions,32990,0,3,8,7,TCL Distribution
MB-APL-15,Apple iPhone 15 128GB,Apple,Mobiles,69900,4,6,5,31,Redington (Apple)
MB-APL-16,Apple iPhone 16 128GB,Apple,Mobiles,79900,9,6,5,26,Redington (Apple)
MB-SAM-S24,Samsung Galaxy S24 256GB,Samsung,Mobiles,74999,7,4,4,14,Samsung India Distributor
MB-SAM-A35,Samsung Galaxy A35 5G 128GB,Samsung,Mobiles,30999,11,8,4,38,Samsung India Distributor
MB-OP-N4,OnePlus Nord 4 256GB,OnePlus,Mobiles,32999,15,6,6,20,OnePlus Trade Partner
MB-VIV-T3,Vivo T3 5G 128GB,Vivo,Mobiles,19999,2,6,5,27,Vivo Channel Partner
MB-RDM-13,Redmi Note 13 5G 128GB,Xiaomi,Mobiles,17999,40,10,5,12,Xiaomi Partner Logistics
LP-HP-15S,HP 15s Ryzen 5 Laptop 16GB/512GB,HP,Laptops,52990,5,4,7,10,HP Channel Distributor
LP-DEL-I3,Dell Inspiron 3520 i5 Laptop,Dell,Laptops,58990,3,4,10,8,Dell India Supply
LP-APL-MBA,"Apple MacBook Air M3 13""",Apple,Laptops,114900,2,2,7,4,Redington (Apple)
LP-LEN-IP3,Lenovo IdeaPad Slim 3 i3,Lenovo,Laptops,38990,12,5,8,6,Lenovo Distribution
LP-ASU-TUF,ASUS TUF Gaming F15 RTX 3050,ASUS,Laptops,64990,1,3,12,7,ASUS Channel Partner
AC-LG-15,LG 1.5 Ton 5 Star Inverter Split AC,LG,Air Conditioners,46490,8,6,10,12,LG Electronics Supply
AC-VOL-15,Voltas 1.5 Ton 3 Star Inverter Split AC,Voltas,Air Conditioners,36990,4,6,10,15,Voltas Dealer Network
AC-DAI-1,Daikin 1 Ton 3 Star Split AC,Daikin,Air Conditioners,33490,10,4,12,3,Daikin Distribution
RF-SAM-253,Samsung 253L Double Door Refrigerator,Samsung,Refrigerators,27990,6,4,7,9,Samsung India Distributor
RF-LG-190,LG 190L Single Door Refrigerator,LG,Refrigerators,17490,3,5,7,16,LG Electronics Supply
RF-WHP-265,Whirlpool 265L Frost Free Refrigerator,Whirlpool,Refrigerators,28990,9,4,9,5,Whirlpool Trade Supply
WM-LG-8FL,LG 8kg Front Load Washing Machine,LG,Washing Machines,36990,4,3,8,8,LG Electronics Supply
WM-IFB-7FL,IFB 7kg Front Load Washing Machine,IFB,Washing Machines,29990,2,3,10,9,IFB Distribution
WM-SAM-7TL,Samsung 7kg Top Load Washing Machine,Samsung,Washing Machines,17990,14,5,7,6,Samsung India Distributor
AU-SNY-XM5,Sony WH-1000XM5 Headphones,Sony,Audio,29990,5,4,6,8,Sony Regional Depot
AU-BOT-141,boAt Airdopes 141 Earbuds,boAt,Audio,1299,35,25,3,96,boAt Distribution
AU-JBL-GO3,JBL Go 3 Bluetooth Speaker,JBL,Audio,2999,6,10,4,28,Harman (JBL) Supply
AU-APL-AP2,Apple AirPods Pro (2nd Gen),Apple,Audio,24900,7,5,5,11,Redington (Apple)
AC-ANK-20W,Anker 20W USB-C Charger,Anker,Accessories,1499,60,20,4,45,Anker Trade Partner
AC-SAN-128,SanDisk 128GB Pendrive,SanDisk,Accessories,999,8,15,3,52,SanDisk Distribution
AC-LOG-M331,Logitech M331 Silent Wireless Mouse,Logitech,Accessories,1195,22,10,5,30,Logitech Channel
AC-BEL-HDMI,Belkin HDMI 2.1 Cable 2m,Belkin,Accessories,1899,30,8,6,4,Belkin Distribution
KA-PHL-AF,Philips Air Fryer 4.1L,Philips,Kitchen Appliances,8999,5,6,6,19,Philips Domestic Appliances
KA-BJ-MG,Bajaj 750W Mixer Grinder,Bajaj,Kitchen Appliances,3299,18,8,4,14,Bajaj Electricals Supply
KA-IFB-MW,IFB 25L Convection Microwave,IFB,Kitchen Appliances,13990,1,3,10,6,IFB Distribution
KA-KNT-RO,Kent Grand RO Water Purifier,Kent,Kitchen Appliances,15500,7,3,8,2,Kent RO Systems
SW-SAM-W7,Samsung Galaxy Watch7,Samsung,Wearables,29999,3,3,5,5,Samsung India Distributor
SW-NOI-CP,Noise ColorFit Pro 5 Smartwatch,Noise,Wearables,3499,45,12,4,10,Noise Distribution
